sum,count,probability
2,171,0.131944
3,302,0.233025
4,461,0.355710
5,580,0.447531
6,727,0.560957
7,834,0.643519
8,727,0.560957
9,580,0.447531
10,461,0.355710
11,302,0.233025
12,171,0.131944
